Date,temperature,humidity,PM,areatype,month
2019/1/31,27.54158263,67.65686683,24.70001973,其他,Jan
2019/4/12,31.6980365,78.88593219,17.87800453,其他,Apr
2019/2/17,18.5226027,82.23596814,13.43461428,社區,Feb
2019/1/12,20.61548792,85.11499535,24.72877957,社區,Jan
2019/4/21,25.82697605,83.10727935,19.55716873,工業區,Apr
2019/4/22,35.47438121,81.83939013,19.36016265,其他,Apr
2019/2/19,24.69281592,78.2051569,23.95817887,交通區,Feb
2019/3/25,20.6598817,91.03480863,31.15518441,寺廟,Mar
2019/1/29,20.13846556,71.99602748,32.78983597,交通區,Jan
2019/2/6,20.9278792,80.55802287,29.16089184,社區,Feb
2019/2/25,18.56181497,76.57996627,19.49054047,工業區,Feb
2019/5/4,26.22820139,79.76418056,13.5875,寺廟,May
2019/4/6,26.38587975,77.85396626,26.38022985,比對感測,Apr
2019/1/6,21.94214657,84.3055742,26.14581579,工業區,Jan
2019/2/21,31.78033344,83.00471273,20.56903591,其他,Feb
2019/5/8,20.13157913,82.97668423,23.63836045,社區,May
2019/5/7,27.021178,84.49075559,16.18039423,其他,May
2019/1/30,20.90915542,72.52927346,40.8326905,交通區,Jan
2019/1/9,27.51970985,78.11550228,16.24598105,其他,Jan
2019/5/11,27.7182595,76.83108074,23.72127497,交通區,May
2019/2/24,14.40330937,91.03978454,10.23098928,社區,Feb
2019/1/5,25.81350923,79.37930032,19.46909469,比對感測,Jan
2019/5/8,23.39254928,80.72425378,27.38052905,工業區,May
2019/3/21,26.59720215,75.48546182,18.40968477,工業區,Mar
2019/1/9,24.04842987,78.84761117,25.79947917,比對感測,Jan
2019/2/27,24.4988,75.6884,5.88,交通區,Feb
2019/5/20,26.13347091,85.48854456,12.60281161,交通區,May
2019/2/20,24.97368639,81.62102158,48.03692411,寺廟,Feb
2019/2/17,21.05432082,75.63947854,21.68842779,交通區,Feb
2019/2/18,20.09801306,85.53052961,19.81436864,社區,Feb
2019/3/17,23.662125,74.33865972,35.38402778,寺廟,Mar
2019/1/26,16.97528453,72.50155556,40.43275197,寺廟,Jan
2019/5/4,30.18952755,75.50311472,13.81800468,其他,May
2019/3/6,25.40928646,79.05107855,20.07447917,比對感測,Mar
2019/3/19,25.33606944,76.25516667,45.84513889,寺廟,Mar
2019/1/23,24.42806292,68.04129398,36.56475039,其他,Jan
2019/4/2,22.55055586,76.69547429,31.20832651,工業區,Apr
2019/3/6,22.14831949,80.68930549,21.26915326,交通區,Mar
2019/1/15,21.63669403,80.10661876,36.2205549,交通區,Jan
2019/1/31,22.97451758,65.41045439,25.3667844,交通區,Jan
2019/5/15,29.20354993,77.90214938,16.26378683,交通區,May
2019/5/11,27.9340321,80.85947571,27.78482682,寺廟,May
2019/2/28,20.13651298,78.63797902,22.72412589,社區,Feb
2019/3/17,25.14973958,68.25135417,20.00833333,比對感測,Mar
2019/1/3,26.10219814,84.60434285,14.57683054,其他,Jan
2019/1/2,20.08629934,80.18277793,20.73300548,交通區,Jan
2019/4/3,23.77358333,80.82706944,31.96111111,寺廟,Apr
2019/3/20,26.51004748,80.59517184,22.73094881,比對感測,Mar
2019/3/15,20.27654634,72.21936563,26.77893144,工業區,Mar
2019/4/6,25.18578144,75.07737341,31.37666867,工業區,Apr
2019/1/29,18.95300426,76.05678213,40.98333333,寺廟,Jan
2019/1/20,20.99816477,78.51121809,61.61919943,寺廟,Jan
2019/4/4,23.9654112,78.33422154,28.48111412,工業區,Apr
2019/4/15,25.9876875,79.45693229,23.2953125,比對感測,Apr
2019/1/27,19.69758333,71.28090625,27.21260656,比對感測,Jan
2019/1/4,22.3079412,81.09711025,33.01748579,寺廟,Jan
2019/4/4,24.21346069,78.68047733,31.16163548,交通區,Apr
2019/4/18,26.62440744,71.72438158,27.38333644,工業區,Apr
2019/4/7,26.5465,78.25157813,29.3546875,比對感測,Apr
2019/1/11,28.60183124,85.12914467,33.22462945,其他,Jan
2019/2/19,32.59233959,80.20964224,20.96395856,其他,Feb
2019/1/1,24.96161834,79.79862148,12.57656712,其他,Jan
2019/3/18,32.02641634,78.54292718,39.07163904,工業區,Mar
2019/1/22,17.24957652,77.04650142,32.9813214,工業區,Jan
2019/4/23,28.76252639,74.87472431,16.75154199,工業區,Apr
2019/1/19,20.40777915,75.85363935,43.36171911,交通區,Jan
2019/3/4,22.08933433,75.83048178,23.01671019,工業區,Mar
2019/2/28,25.69333333,77.64066667,17.13333333,交通區,Feb
2019/1/13,26.26171396,80.86794693,19.24215961,其他,Jan
2019/3/20,26.18793056,77.76839583,37.28541667,寺廟,Mar
2019/1/19,19.77871015,78.27558333,46.6947257,寺廟,Jan
2019/3/2,24.40894168,77.44107247,47.26598237,寺廟,Mar
2019/4/17,26.40563542,79.55688542,20.11458333,比對感測,Apr
2019/4/28,28.97304167,78.51210417,14.57239583,比對感測,Apr
2019/1/24,19.64699364,74.24770715,43.48129226,工業區,Jan
2019/1/2,20.24958283,85.23040783,23.01287735,工業區,Jan
2019/3/1,22.53308177,77.59778267,32.33846957,交通區,Mar
2019/2/19,22.14428577,83.36021961,25.95293445,社區,Feb
2019/3/14,22.74877767,74.42257278,37.57602408,交通區,Mar
2019/1/29,21.62647506,72.38269169,25.92604167,比對感測,Jan
2019/2/18,22.45011289,77.66967855,34.81755025,寺廟,Feb
2019/4/9,28.24190104,78.53980208,16.75520833,比對感測,Apr
2019/1/14,21.17942894,76.59158035,23.86338244,寺廟,Jan
2019/2/16,27.70477921,81.64632574,18.95223683,其他,Feb
2019/1/5,27.66201082,84.47113593,26.66125839,其他,Jan
2019/4/23,28.86569271,81.08164583,15.36979167,比對感測,Apr
2019/4/12,23.60175585,74.40100119,20.46353848,工業區,Apr
2019/1/28,18.99766235,72.20024297,30.07015353,交通區,Jan
2019/3/18,21.18552348,84.44021127,38.67466581,社區,Mar
2019/2/10,24.07748958,74.3636875,21.94322917,比對感測,Feb
2019/4/25,28.57044746,75.19157035,14.87115084,比對感測,Apr
2019/3/4,19.82022154,78.33170954,20.22241583,社區,Mar
2019/4/2,23.23897046,75.55930919,32.05912606,交通區,Apr
2019/5/7,18.28640677,82.63013564,16.27055544,社區,May
2019/5/7,21.87876994,86.22213335,21.44512898,交通區,May
2019/1/7,21.81041841,79.72108219,26.41774472,寺廟,Jan
2019/2/23,16.47046222,73.62874206,19.36954958,工業區,Feb
2019/4/10,25.49849584,76.44376152,18.33074849,社區,Apr
2019/5/2,22.78773994,83.63760065,23.00846534,交通區,May
2019/5/14,29.20326817,72.08516688,18.84715255,工業區,May
2019/5/11,24.09053198,76.21195384,19.00749384,社區,May
2019/4/20,27.10202083,81.35505556,17.53263889,寺廟,Apr
2019/3/14,24.00393377,74.62214989,27.35584007,比對感測,Mar
2019/3/4,22.13860719,74.89699649,23.83606604,交通區,Mar
2019/1/22,14.53565126,69.59196916,29.94027778,寺廟,Jan
2019/3/10,23.12895312,87.8611875,12.2390625,比對感測,Mar
2019/2/12,28.17774913,82.28716137,16.10207884,其他,Feb
2019/3/14,20.69139876,77.6060571,30.34090066,社區,Mar
2019/4/27,31.46573202,77.413547,19.17510522,其他,Apr
2019/2/3,23.58510622,75.69506921,32.28261652,交通區,Feb
2019/5/9,24.44436483,81.49006904,23.86435137,工業區,May
2019/1/23,16.22054508,71.88755582,31.73699632,社區,Jan
2019/2/10,134.3699378,78.18704795,19.76785133,工業區,Feb
2019/5/4,22.2634164,72.29669197,15.01217413,社區,May
2019/3/7,14.00979613,92.60222642,25.27079546,社區,Mar
2019/1/26,18.10306886,72.00863691,39.82885807,工業區,Jan
2019/1/26,17.53106321,69.37589752,39.20577096,交通區,Jan
2019/3/29,34.51036891,82.68901489,20.05980297,其他,Mar
2019/4/15,23.44794608,75.17579849,26.83459321,工業區,Apr
2019/4/13,21.58838901,82.53917636,23.05256824,社區,Apr
2019/3/7,25.32340199,91.14227998,27.71745495,其他,Mar
2019/1/24,19.26162426,70.57425919,43.94407688,交通區,Jan
2019/3/21,27.4845929,75.52546821,16.59359777,寺廟,Mar
2019/1/4,20.32381924,86.56195087,25.19495058,社區,Jan
2019/2/22,18.92546347,83.21714728,18.79167535,社區,Feb
2019/1/14,20.06292213,77.88235645,16.47672724,社區,Jan
2019/2/10,21.09241349,75.72917404,20.94704074,交通區,Feb
2019/1/10,23.26588129,83.23575276,37.62591913,工業區,Jan
2019/2/21,21.77640654,85.78836855,23.59956224,社區,Feb
2019/5/17,28.098005,77.92340188,13.80983309,工業區,May
2019/1/9,22.41087646,81.34158483,23.34993609,工業區,Jan
2019/1/21,15.48482615,85.00974842,20.23948779,社區,Jan
2019/5/15,36.11191712,80.11978582,21.93197339,其他,May
2019/5/5,25.3101875,82.82477604,17.28072917,比對感測,May
2019/2/6,58.42241864,79.47002499,31.9313252,工業區,Feb
2019/5/9,20.76085214,85.42526158,19.21261519,社區,May
2019/5/16,35.21006083,80.56339196,16.27441822,其他,May
2019/5/17,29.86271551,82.53026577,11.58755739,比對感測,May
2019/4/1,20.13790381,79.10181251,22.91550422,工業區,Apr
2019/3/13,31.64653567,71.53239714,30.54156885,其他,Mar
2019/4/18,24.70846045,72.79189073,27.67389163,社區,Apr
2019/2/18,22.49512918,78.06067393,24.05837868,交通區,Feb
2019/3/11,19.28462232,83.3995477,31.33800823,交通區,Mar
2019/3/11,17.26096781,82.94658186,25.14281186,社區,Mar
2019/5/20,27.10157478,91.4904411,9.773884395,比對感測,May
2019/5/17,29.73444481,78.47861057,11.19570882,寺廟,May
2019/1/30,20.01870139,74.1303125,43.56527778,寺廟,Jan
2019/2/6,24.15811979,77.94798958,23.3234375,比對感測,Feb
2019/3/3,22.17936106,82.05406792,22.25816444,工業區,Mar
2019/4/8,27.73274182,73.70851775,26.56158664,寺廟,Apr
2019/4/17,22.89828225,74.164842,22.20856688,社區,Apr
2019/1/26,22.91477768,68.06177404,32.25432905,其他,Jan
2019/2/11,23.73369693,77.16271685,24.67247956,比對感測,Feb
2019/1/13,21.57681028,77.67961111,25.05142368,寺廟,Jan
2019/5/19,29.58184703,78.98279113,11.67740408,交通區,May
2019/1/2,17.87636374,85.04295417,10.8614142,社區,Jan
2019/4/22,26.47843711,79.20065738,18.70809423,社區,Apr
2019/1/19,18.96244245,80.36950612,38.00685381,社區,Jan
2019/4/11,26.31042291,74.95711782,17.21695529,交通區,Apr
2019/3/14,23.43266828,77.59449543,44.04864011,寺廟,Mar
2019/1/25,20.17369516,76.37820838,45.40710669,工業區,Jan
2019/2/12,23.72716707,77.1883115,24.20920502,比對感測,Feb
2019/4/26,29.25186979,74.59790104,16.47864583,比對感測,Apr
2019/2/26,19.18377713,74.63541153,25.78654651,工業區,Feb
2019/2/2,24.08512258,74.01222453,36.90394263,其他,Feb
2019/1/10,24.57252261,80.4731107,32.99690888,比對感測,Jan
2019/4/22,28.678,81.96245313,16.21927083,比對感測,Apr
2019/1/6,21.6864375,80.23209722,22.56875,寺廟,Jan
2019/3/24,16.61461285,89.78745749,19.73317551,社區,Mar
2019/2/13,25.37737055,76.97852025,21.25544102,比對感測,Feb
2019/3/27,26.00791667,74.84797222,37.65347222,寺廟,Mar
2019/2/3,27.67727861,76.48653652,35.77899798,其他,Feb
2019/5/7,21.26947034,93.26298023,18.6009887,寺廟,May
2019/2/14,23.32893079,76.91685085,25.10735161,交通區,Feb
2019/1/20,25.68809545,80.76102785,39.74281258,其他,Jan
2019/3/22,22.33178992,81.80085116,21.79107051,社區,Mar
2019/4/24,28.69258873,80.348262,15.04331942,比對感測,Apr
2019/1/15,27.14953849,81.99663128,28.77306331,其他,Jan
2019/3/6,22.96318056,80.34969444,22.68194444,寺廟,Mar
2019/4/28,25.23686664,79.32250375,20.83734515,社區,Apr
2019/1/4,23.69846574,81.24712448,26.7245705,比對感測,Jan
2019/3/18,25.58712346,75.14779161,29.40504197,比對感測,Mar
2019/5/19,29.82769958,86.66215712,11.54456333,比對感測,May
2019/3/24,21.02103224,88.42306616,26.09337225,工業區,Mar
2019/3/27,24.97871976,75.34169235,32.39408314,工業區,Mar
2019/4/19,32.49207786,85.89160738,29.17363561,其他,Apr
2019/3/25,24.76786534,78.48407098,19.05427975,比對感測,Mar
2019/3/12,30.57021217,69.14717182,31.14882736,其他,Mar
2019/2/24,55.77412302,115.464166,14.98764917,其他,Feb
2019/3/8,16.58922472,92.99106076,28.25813471,寺廟,Mar
2019/5/13,29.03172984,70.44333858,21.49557758,工業區,May
2019/2/2,23.55121354,73.87861458,33.45520833,比對感測,Feb
2019/1/17,18.28372129,84.58798014,29.73900209,工業區,Jan
2019/1/31,24.38602225,67.88192966,20.37253759,比對感測,Jan
2019/5/6,22.80708157,95.09024451,24.23654289,寺廟,May
2019/5/20,22.84360979,83.01188508,14.39863749,社區,May
2019/1/5,23.61759102,83.82097523,30.398154,工業區,Jan
2019/1/26,19.90917317,73.64210609,34.58936913,比對感測,Jan
2019/4/23,29.88579167,74.98740278,13.45833333,寺廟,Apr
2019/5/3,29.71001138,71.99937586,18.45936605,其他,May
2019/5/12,25.85111653,74.4290167,19.72779459,社區,May
2019/5/7,21.36459239,83.67259575,25.12211191,工業區,May
2019/2/1,19.24742095,74.58961928,26.7753502,工業區,Feb
2019/4/3,30.13334938,83.42219662,21.34110457,其他,Apr
2019/1/23,17.70856212,69.45057174,40.89221917,交通區,Jan
2019/3/9,28.56887564,93.36958435,17.79223869,其他,Mar
2019/3/15,28.60990441,73.98193032,21.57230819,其他,Mar
2019/3/22,30.77648745,79.84403285,22.59882637,其他,Mar
2019/3/13,23.88126563,70.68236458,23.24791667,比對感測,Mar
2019/2/12,21.80182015,77.15773037,22.48733967,交通區,Feb
2019/5/18,28.25618782,84.58093707,11.8243015,交通區,May
2019/5/19,28.8994995,77.19257676,12.97382385,工業區,May
2019/4/16,22.07873129,88.40789622,32.36070554,交通區,Apr
2019/3/24,18.64278349,86.68456794,23.64201571,交通區,Mar
2019/1/12,22.65667361,80.40526057,35.24912723,寺廟,Jan
2019/1/1,17.50001473,82.25037953,9.357784295,社區,Jan
2019/2/9,24.90920313,79.90485554,17.34340048,其他,Feb
2019/1/19,20.96521453,77.8244922,42.88096774,工業區,Jan
2019/4/21,34.82212684,87.33580817,18.55219849,其他,Apr
2019/4/12,20.42942309,76.18991757,16.76878824,社區,Apr
2019/4/15,24.72505556,77.904625,31.63263889,寺廟,Apr
2019/3/29,25.65442811,77.77196815,19.48495368,工業區,Mar
2019/2/5,24.97356092,81.77413221,33.17497334,其他,Feb
2019/2/5,21.49128949,81.92865072,34.45079862,工業區,Feb
2019/3/2,21.90464174,82.40262823,39.46445867,社區,Mar
2019/4/12,26.17263789,77.80447594,16.63361279,比對感測,Apr
2019/4/17,25.35657766,74.89726076,28.54033496,交通區,Apr
2019/2/8,23.92268229,72.58207769,17.449614,比對感測,Feb
2019/3/12,22.409104,70.71591658,35.74151698,工業區,Mar
2019/3/12,21.93387157,71.00322166,35.4577151,交通區,Mar
2019/3/7,16.12065278,96.12734722,26.27569444,寺廟,Mar
2019/2/8,135.2354223,77.52520838,22.40850668,工業區,Feb
2019/2/15,30.10795463,79.35070817,27.58339466,其他,Feb
2019/1/16,16.45707633,91.23409356,16.42492902,社區,Jan
2019/2/4,19.60738053,84.40066362,29.56281228,社區,Feb
2019/1/18,25.15971403,68.29860759,24.88491906,其他,Jan
2019/5/22,25.4138181,72.43894492,23.03031358,工業區,May
2019/4/16,19.28940317,90.05231296,24.26658313,社區,Apr
2019/5/4,24.84527178,78.76400503,15.29186161,交通區,May
2019/2/15,24.04954367,78.34332396,31.01849769,工業區,Feb
2019/4/9,27.53632362,75.161595,25.45675544,工業區,Apr
2019/4/9,27.88481572,74.20442733,22.48426921,交通區,Apr
2019/4/1,27.00769759,79.78902722,16.53174483,其他,Apr
2019/3/16,24.05454822,65.83726083,20.87429683,比對感測,Mar
2019/1/18,19.12359028,76.63935927,37.89097222,寺廟,Jan
2019/5/17,25.09250629,80.04708647,13.26167545,社區,May
2019/3/3,21.99854767,80.05019696,20.74069584,交通區,Mar
2019/3/28,26.55549296,76.08744448,20.59053589,交通區,Mar
2019/4/5,23.58442589,85.33943633,43.57272095,寺廟,Apr
2019/1/6,21.7433172,79.91718856,24.08519271,交通區,Jan
2019/1/17,17.8064703,81.82032651,26.70038183,交通區,Jan
2019/4/23,38.093883,79.22681814,18.51634565,其他,Apr
2019/2/11,24.64923834,80.16858317,14.76113408,其他,Feb
2019/2/18,22.62720006,79.83515663,20.84257962,工業區,Feb
2019/3/5,22.70489832,74.43971342,29.24877206,交通區,Mar
2019/4/26,28.96099689,70.49307073,18.14386543,交通區,Apr
2019/4/1,16.87166085,81.3912141,14.55631599,社區,Apr
2019/3/13,21.8995292,69.64207057,28.57151775,社區,Mar
2019/4/2,20.23410633,78.82862092,28.09138906,社區,Apr
2019/5/10,25.28410428,79.43714568,25.02344306,工業區,May
2019/1/3,20.44413361,84.31410307,25.89631176,寺廟,Jan
2019/5/6,22.91471276,96.34701857,15.1953097,比對感測,May
2019/5/3,23.22796528,89.55748611,22.05069444,寺廟,May
2019/4/25,29.73851879,71.56810458,13.95758637,寺廟,Apr
2019/3/20,26.02727117,77.68049595,35.22993336,工業區,Mar
2019/1/7,20.71910461,82.8370482,17.09327714,社區,Jan
2019/2/13,20.31910937,84.08783849,21.23854372,社區,Feb
2019/5/22,26.12321164,75.43245658,24.54798522,交通區,May
2019/5/13,29.71005847,77.63703052,18.75929437,比對感測,May
2019/4/10,27.83415657,74.10127666,16.10320348,交通區,Apr
2019/3/31,24.43577969,71.45172923,25.38687667,交通區,Mar
2019/2/2,20.71266654,74.19769367,43.10640485,交通區,Feb
2019/5/4,24.197161,75.71801801,18.75267557,工業區,May
2019/1/21,17.55771498,80.4825896,29.65690096,交通區,Jan
2019/4/4,23.96229861,81.62208333,36.57222222,寺廟,Apr
2019/1/2,19.46376922,81.86571441,17.98281273,寺廟,Jan
2019/2/16,22.41265045,77.33992758,25.82861929,交通區,Feb
2019/3/27,33.4017955,78.94996347,26.38947836,其他,Mar
2019/5/8,25.94965104,83.04583854,15.54479167,比對感測,May
2019/4/16,21.86703368,94.86232577,38.00479479,寺廟,Apr
2019/3/16,21.81030619,74.43697286,28.54279749,寺廟,Mar
2019/1/1,19.14146528,78.83131944,17.90613257,寺廟,Jan
2019/4/5,24.50991584,78.02144866,36.34115819,交通區,Apr
2019/2/25,17.70362081,80.79470963,14.14973159,社區,Feb
2019/4/25,28.71462044,71.20638918,17.36187627,工業區,Apr
2019/3/25,22.75258241,86.53607029,28.6483026,工業區,Mar
2019/2/15,23.64365562,75.61435452,31.72695657,交通區,Feb
2019/5/11,26.92159042,75.11199771,21.75919038,工業區,May
2019/2/14,26.88863998,81.70927829,19.14336767,其他,Feb
2019/4/6,25.24792995,75.63317235,30.83907052,交通區,Apr
2019/5/12,28.19721953,74.01281384,22.6266142,工業區,May
2019/1/17,20.95212164,79.88148108,24.25052083,比對感測,Jan
2019/2/18,25.46709332,75.59503073,14.73488796,比對感測,Feb
2019/4/2,24.78571354,75.33071875,22.8546875,比對感測,Apr
2019/2/11,20.75353264,76.37803777,22.1891141,交通區,Feb
2019/3/9,20.48906983,89.15065313,24.79257479,交通區,Mar
2019/4/21,26.77819444,86.7361875,17.74930556,寺廟,Apr
2019/4/4,31.56245437,81.80689061,20.30563327,其他,Apr
2019/1/15,21.37265674,80.07488194,34.15733444,寺廟,Jan
2019/1/28,20.98553684,72.72774573,28.1872505,比對感測,Jan
2019/1/20,20.81482475,79.21277859,49.98684312,交通區,Jan
2019/3/16,28.87094457,63.12137191,20.17487273,其他,Mar
2019/4/1,19.68028472,84.18313889,25.52291667,寺廟,Apr
2019/1/15,23.16389271,82.83320044,32.87395833,比對感測,Jan
2019/1/13,19.2380646,82.63648251,17.1878133,社區,Jan
2019/3/16,21.90910274,66.14170652,24.85848447,交通區,Mar
2019/5/18,25.2737933,82.8909712,13.74378277,社區,May
2019/3/28,26.48195009,76.04128861,22.52482057,工業區,Mar
2019/1/31,23.48832039,68.64809981,26.44106496,工業區,Jan
2019/5/11,28.68122957,81.50797458,18.98361737,比對感測,May
2019/2/21,23.37213608,83.5413867,43.19177127,寺廟,Feb
2019/3/18,23.25960321,79.22721327,42.49307524,交通區,Mar
2019/4/20,33.55877064,83.16485931,23.81721692,其他,Apr
2019/5/23,31.53699901,81.48853943,25.76977928,其他,May
2019/4/8,25.58087627,73.68215135,36.33005186,社區,Apr
2019/4/12,24.80590814,75.56079332,23.20320111,寺廟,Apr
2019/3/7,17.32937706,88.52005773,31.04923678,工業區,Mar
2019/4/26,28.3151859,72.02846438,19.29574987,工業區,Apr
2019/1/10,22.49605197,80.13830063,38.493759,交通區,Jan
2019/1/13,24.07324816,79.80624892,25.00260417,比對感測,Jan
2019/1/15,22.00179645,83.52931203,38.01528824,工業區,Jan
2019/3/11,19.04328332,90.77862581,36.56335537,寺廟,Mar
2019/3/30,24.87988805,81.00521921,20.50829709,寺廟,Mar
2019/1/14,22.028476,78.75738769,25.65956166,工業區,Jan
2019/3/26,23.2683022,76.9420657,27.52999523,交通區,Mar
2019/2/27,20.74664867,72.9794746,31.68006733,工業區,Feb
2019/3/4,29.87064091,78.32120321,22.16446354,其他,Mar
2019/3/21,26.87029307,75.16971235,15.81472086,交通區,Mar
2019/4/5,24.50960825,76.96474678,32.89774559,工業區,Apr
2019/4/5,31.68962507,79.75759494,24.54314139,其他,Apr
2019/5/23,25.2469591,86.39986806,30.68541667,寺廟,May
2019/1/22,16.71737159,74.49101318,31.193405,交通區,Jan
2019/5/4,24.68058854,85.58045313,14.76354167,比對感測,May
2019/4/11,31.82429213,80.77983648,15.89959817,其他,Apr
2019/3/1,20.52997973,82.59343755,23.41797823,社區,Mar
2019/4/1,23.93772917,76.21458854,24.70416667,比對感測,Apr
2019/1/16,23.7521711,87.47759715,20.06545812,其他,Jan
2019/3/19,24.91934093,75.46567914,42.07089915,交通區,Mar
2019/5/6,22.48903099,90.30790912,21.23364939,交通區,May
2019/1/23,19.74420415,71.7612326,35.06101091,比對感測,Jan
2019/2/15,22.30342766,81.46288154,25.62161796,社區,Feb
2019/4/22,28.61364583,81.63713889,15.47291667,寺廟,Apr
2019/5/18,34.29286362,86.08112618,14.89203839,其他,May
2019/1/18,18.14574379,72.62944234,23.55997282,社區,Jan
2019/2/17,26.60167005,79.4554282,15.08451264,其他,Feb
2019/3/26,31.62092871,79.21316878,21.312736,其他,Mar
2019/2/12,20.00169561,82.76686308,16.01198844,社區,Feb
2019/2/14,23.40253376,79.34452561,25.32774186,工業區,Feb
2019/4/5,21.82729534,80.27750805,26.36777368,社區,Apr
2019/3/31,25.91795027,76.82776011,21.06987104,比對感測,Mar
2019/4/11,28.29334375,74.80519792,16.2265625,比對感測,Apr
2019/4/21,26.81079764,84.88586999,16.25162448,比對感測,Apr
2019/5/15,29.50272366,81.2177124,13.4804742,寺廟,May
2019/2/6,27.83530585,77.99907775,34.23841456,其他,Feb
2019/2/7,24.49367772,69.29218975,24.48354106,交通區,Feb
2019/2/4,22.71519444,80.18641773,30.52777778,寺廟,Feb
2019/2/22,34.21029771,91.99432197,16.62756681,其他,Feb
2019/3/31,20.99356328,72.82248283,20.05704734,社區,Mar
2019/5/1,28.60020022,89.50492664,13.55059451,其他,May
2019/5/8,23.74317989,83.68356646,25.65696109,交通區,May
2019/3/26,24.96862487,79.15888691,20.20092967,比對感測,Mar
2019/2/20,24.90354416,79.23090865,34.61454433,交通區,Feb
2019/5/7,24.33478527,90.09074861,15.70807168,比對感測,May
2019/3/5,22.57270833,79.38740278,39.80138889,寺廟,Mar
2019/1/11,22.84465413,81.42054167,49.72638889,寺廟,Jan
2019/1/10,22.15267079,80.79929276,39.43275303,寺廟,Jan
2019/4/25,27.46377874,70.87799175,16.54263768,社區,Apr
2019/4/29,26.56265829,72.56840343,21.75034122,社區,Apr
2019/3/12,23.13684255,74.90072547,28.31700374,比對感測,Mar
2019/3/8,25.59809879,90.70947209,18.04898807,其他,Mar
2019/4/12,24.17383735,73.76672605,20.35306882,交通區,Apr
2019/4/18,28.23928646,74.14341667,16.66302083,比對感測,Apr
2019/1/1,20.04389904,81.81251809,17.79509043,工業區,Jan
2019/2/23,39.03062081,93.97624985,19.38506451,其他,Feb
2019/1/11,23.9636617,83.49953449,41.09034089,工業區,Jan
2019/3/5,30.40975982,77.42798087,23.51824574,其他,Mar
2019/1/25,18.11908344,78.73610311,37.82582011,社區,Jan
2019/1/24,18.11694639,75.43849744,48.35714203,寺廟,Jan
2019/3/2,24.85801268,79.38952947,25.82321025,比對感測,Mar
2019/3/29,27.00925369,78.86864093,15.28521116,比對感測,Mar
2019/2/5,21.31549532,78.1873743,38.86735848,寺廟,Feb
2019/4/11,22.41756725,79.35299844,14.86754432,社區,Apr
2019/4/30,34.37555705,77.38289997,17.87336642,其他,Apr
2019/3/30,21.70404108,77.92902289,15.79813131,社區,Mar
2019/4/20,28.39044271,75.71744792,12.69166667,比對感測,Apr
2019/3/6,28.95934982,87.51873236,16.82329309,其他,Mar
2019/3/30,31.14449843,79.02517938,16.10122379,其他,Mar
2019/3/6,19.09470189,87.5841361,15.6476902,社區,Mar
2019/4/3,20.30691463,83.95393123,22.83682692,社區,Apr
2019/5/5,23.07684686,70.5217727,16.07384776,社區,May
2019/3/15,17.77361106,73.97897929,14.85245104,社區,Mar
2019/3/31,25.48285582,75.47283555,31.73121595,寺廟,Mar
2019/3/8,17.72864903,87.60622425,25.03852468,工業區,Mar
2019/4/8,26.99555605,73.7129193,39.0522826,工業區,Apr
2019/4/10,27.87419792,78.21841667,14.44166667,比對感測,Apr
2019/4/30,29.24963165,72.81470886,14.34218179,交通區,Apr
2019/3/21,35.53138272,79.35494425,20.64065167,其他,Mar
2019/2/10,21.33483333,74.7303125,24.33802772,寺廟,Feb
2019/3/18,23.36402227,80.86362561,49.21990257,寺廟,Mar
2019/3/20,34.43903437,82.73269742,35.12316318,其他,Mar
2019/2/16,22.78407813,78.35290972,32.0046364,寺廟,Feb
2019/3/22,26.84133612,76.3587232,15.05602057,比對感測,Mar
2019/4/23,27.45576032,74.27162684,16.28502532,社區,Apr
2019/5/8,28.85265061,84.72926328,16.80516078,其他,May
2019/3/10,17.99911856,90.82341166,14.3476258,社區,Mar
2019/5/15,28.44171295,76.4288981,19.01218708,工業區,May
2019/4/7,26.26834061,74.14255445,36.2696726,工業區,Apr
2019/2/3,23.71537127,75.2775,33.40277778,寺廟,Feb
2019/5/12,28.9039131,75.25914512,24.66695242,交通區,May
2019/2/9,23.99994232,73.37805053,19.63390092,比對感測,Feb
2019/1/9,21.97192661,78.46791764,21.99861111,寺廟,Jan
2019/4/16,24.9918548,84.22290291,21.85260095,比對感測,Apr
2019/2/22,22.22234887,71.88807508,41.40898817,交通區,Feb
2019/4/3,23.68824219,78.43320455,30.29645584,交通區,Apr
2019/4/9,35.12750407,79.73750759,27.88356312,其他,Apr
2019/3/10,28.24547988,90.49031911,13.54908388,其他,Mar
2019/4/15,24.07855102,75.31699108,27.1380251,交通區,Apr
2019/1/6,24.09917188,81.35951305,29.41770833,比對感測,Jan
2019/2/14,25.148875,78.77960417,19.73541667,比對感測,Feb
2019/2/21,23.82544236,81.5576154,20.03244735,工業區,Feb
2019/2/5,23.3548866,81.48831381,26.11038039,比對感測,Feb
2019/2/26,54.56556449,106.2494928,19.72617434,其他,Feb
2019/5/3,24.72063021,84.93258333,17.76666667,比對感測,May
2019/1/25,19.39652373,73.5394,47.86014667,交通區,Jan
2019/4/14,25.79807827,76.19564676,25.35664327,工業區,Apr
2019/5/22,22.89817938,70.07810218,24.69878458,社區,May
2019/3/21,27.40662304,78.05170999,12.85997676,比對感測,Mar
2019/4/19,25.49526792,84.69475992,15.79123173,寺廟,Apr
2019/1/25,21.67699989,70.57382529,31.18385417,比對感測,Jan
2019/4/3,26.16535417,75.67483854,26.00833333,比對感測,Apr
2019/1/4,22.52836544,84.82669653,35.24360513,工業區,Jan
2019/2/1,21.74146753,72.72196653,23.11630437,其他,Feb
2019/3/21,26.09139455,77.3101854,18.60500958,社區,Mar
2019/1/30,22.92514497,68.3675359,26.00275748,比對感測,Jan
2019/3/20,25.5573596,78.66806934,34.87964699,交通區,Mar
2019/1/7,28.20244093,80.09569183,18.82780764,其他,Jan
2019/3/24,25.66890531,87.30726849,19.14575901,其他,Mar
2019/4/27,27.77171356,75.77987249,24.43371195,交通區,Apr
2019/3/1,22.6438118,78.95989742,32.12910941,工業區,Mar
2019/4/24,37.74310307,80.07209767,16.88827326,其他,Apr
2019/4/24,28.79514069,74.94579658,14.85178533,交通區,Apr
2019/4/2,31.4154059,79.4045484,21.25693541,其他,Apr
2019/3/24,17.83148611,92.51995139,21.69027778,寺廟,Mar
2019/1/27,23.38242609,66.68876294,20.27724922,其他,Jan
2019/4/15,30.20697695,77.42743427,22.98596124,其他,Apr
2019/4/27,26.95637625,78.18853845,25.65038448,工業區,Apr
2019/3/22,25.13178419,74.78076039,21.16759791,交通區,Mar
2019/5/11,32.44246433,79.02212643,16.29946161,其他,May
2019/2/28,21.04670608,74.46818522,27.07662605,工業區,Feb
2019/2/23,18.39636306,75.80893674,17.57160811,交通區,Feb
2019/4/29,28.48767787,73.30039239,19.99193256,工業區,Apr
2019/4/26,26.83978755,72.98643494,17.49903228,社區,Apr
2019/2/16,22.53439649,79.45581226,23.27430258,工業區,Feb
2019/2/11,17.66604909,82.58424581,13.5181686,社區,Feb
2019/5/2,22.74525,90.33094444,23.75972222,寺廟,May
2019/4/7,26.69056944,76.4730625,32.33680556,寺廟,Apr
2019/2/9,21.09075547,74.96740331,21.27817566,交通區,Feb
2019/2/3,21.67374475,79.1974801,37.35780187,社區,Feb
2019/5/23,22.58814239,78.8015988,26.95612471,社區,May
2019/3/28,27.18757075,80.98003353,13.61859995,比對感測,Mar
2019/1/5,20.63413473,86.26903649,28.20474234,社區,Jan
2019/4/16,28.89555599,89.36347367,24.11754689,其他,Apr
2019/3/13,23.46881127,69.71389516,33.61962558,交通區,Mar
2019/4/30,30.04964063,74.99036458,11.62760417,比對感測,Apr
2019/5/22,26.75865885,79.74549909,28.01597222,寺廟,May
2019/3/19,24.41280445,76.05110577,40.10023375,工業區,Mar
2019/1/12,27.38400897,82.90036042,25.27134043,其他,Jan
2019/4/28,27.06162021,77.75400765,21.90324555,工業區,Apr
2019/3/8,17.19332384,88.04916102,25.06541017,交通區,Mar
2019/2/9,21.36375873,73.9989153,24.15277778,寺廟,Feb
2019/2/6,22.632625,77.53353472,33.11499797,寺廟,Feb
2019/5/14,29.85295704,72.83891544,16.91506393,交通區,May
2019/1/23,16.7865371,74.3407794,44.53381929,寺廟,Jan
2019/4/27,28.41177604,80.34019271,21.72135417,比對感測,Apr
2019/2/12,22.39277203,79.17130048,21.22458405,工業區,Feb
2019/5/15,29.05012053,85.97648394,13.31728382,比對感測,May
2019/1/14,21.94934202,74.30227675,23.92323102,交通區,Jan
2019/5/20,25.54602422,83.05309365,14.07828031,工業區,May
2019/5/13,29.31778773,72.90868547,21.68685182,交通區,May
2019/1/18,20.91753783,74.03293968,28.08075635,比對感測,Jan
2019/1/29,20.65377816,75.65067088,28.41053892,工業區,Jan
2019/1/30,19.86389839,75.74342748,35.1323535,社區,Jan
2019/4/29,34.48664474,75.59496654,20.11126637,其他,Apr
2019/5/13,26.44534064,71.26678812,22.31486858,社區,May
2019/4/14,26.88190278,77.78311806,25.94305556,寺廟,Apr
2019/2/7,141.079345,72.04905501,24.81983337,工業區,Feb
2019/3/23,25.69898757,83.42780443,20.20599642,其他,Mar
2019/4/19,25.02399472,83.02713744,21.42176054,交通區,Apr
2019/5/18,27.80768657,81.58203634,13.21952353,工業區,May
2019/3/25,18.87937439,92.16202163,25.56597583,社區,Mar
2019/3/18,32.06860596,83.68730636,32.22883327,其他,Mar
2019/2/10,18.06044269,82.84285517,15.1020595,社區,Feb
2019/1/16,18.68384931,87.02654903,27.62477149,交通區,Jan
2019/1/4,27.06328898,84.6677297,23.31725818,其他,Jan
2019/5/19,26.83963949,76.29117581,12.91220924,社區,May
2019/3/9,18.06812307,94.98415756,16.32644607,社區,Mar
2019/4/8,27.48877871,76.74256785,31.00678497,比對感測,Apr
2019/4/29,30.18706681,76.84960856,8.325156576,比對感測,Apr
2019/4/19,23.13467867,83.11392602,27.60819323,社區,Apr
2019/1/5,23.37094204,78.80521049,40.3713625,寺廟,Jan
2019/4/17,32.2272878,75.79614967,26.20410374,其他,Apr
2019/5/10,26.23728472,87.11368056,17.87638889,寺廟,May
2019/4/10,29.08068878,74.47698227,16.32886656,寺廟,Apr
2019/5/12,34.13160564,77.955181,17.73739775,其他,May
2019/4/6,31.94169666,77.88770478,23.9374534,其他,Apr
2019/1/21,12.99966597,64.61005094,27.22833338,寺廟,Jan
2019/5/19,36.03825151,78.85313037,13.61438259,其他,May
2019/4/20,26.67168364,78.4979546,19.13968782,交通區,Apr
2019/4/17,25.98965278,78.482875,30.05902778,寺廟,Apr
2019/5/14,34.41765625,79.14106132,23.36857091,其他,May
2019/1/5,23.2744815,79.55171559,34.06623207,交通區,Jan
2019/5/23,25.26340854,78.27361143,26.99992383,工業區,May
2019/2/23,14.66145718,80.69465158,14.15636592,社區,Feb
2019/3/19,33.43886228,79.14469898,36.75310127,其他,Mar
2019/1/30,21.88537681,74.77515788,38.58741605,工業區,Jan
2019/3/11,27.65455089,81.74643684,27.12274194,其他,Mar
2019/3/9,20.73399478,89.26405861,23.52653881,工業區,Mar
2019/4/7,26.3631307,74.47427155,34.65887504,交通區,Apr
2019/2/25,55.87642011,111.8692869,19.99184712,其他,Feb
2019/2/1,21.96390974,75.01864583,27.76860538,比對感測,Feb
2019/1/10,21.0899443,84.92879494,28.09270143,社區,Jan
2019/1/24,26.38746821,70.56439789,36.50919299,其他,Jan
2019/3/15,20.05538973,77.63478237,24.20493795,寺廟,Mar
2019/5/1,23.41600506,83.75606817,14.41469735,工業區,May
2019/5/15,26.48315261,74.99630447,19.73820366,社區,May
2019/5/16,29.26402326,82.28402937,11.49617258,寺廟,May
2019/2/17,21.17048068,78.32108601,20.88631064,工業區,Feb
2019/3/5,22.8766725,76.15570908,25.86174372,工業區,Mar
2019/3/26,23.33944049,81.0306335,32.09562312,寺廟,Mar
2019/3/10,20.85417361,89.39438194,19.19097222,寺廟,Mar
2019/2/7,24.14407639,70.41060417,25.47361111,寺廟,Feb
2019/2/5,21.08096449,79.72987611,35.14473388,交通區,Feb
2019/3/7,21.00247396,88.38165625,21.55572917,比對感測,Mar
2019/3/24,21.23953646,85.68451563,22.6984375,比對感測,Mar
2019/1/20,22.41958333,80.77355995,30.06499978,比對感測,Jan
2019/4/13,31.2692682,83.19722918,22.22337393,其他,Apr
2019/3/31,30.3970356,73.73184178,20.47094025,其他,Mar
2019/5/13,30.12802665,74.10834461,19.56805556,寺廟,May
2019/3/29,26.12884615,76.06409385,17.71681219,交通區,Mar
2019/2/22,22.48273377,73.39610309,30.91026469,工業區,Feb
2019/5/3,23.84962869,78.3793968,19.64017085,交通區,May
2019/1/13,21.72814094,77.65012755,24.26760831,交通區,Jan
2019/4/30,26.27102586,72.94301001,17.49544504,社區,Apr
2019/5/13,35.663921,78.00593228,21.7294258,其他,May
2019/1/22,21.84390815,74.15770142,29.52077677,其他,Jan
2019/5/16,28.98745683,75.81675366,15.56038058,工業區,May
2019/2/8,26.44801151,79.38977879,19.75895115,其他,Feb
2019/4/14,28.05624479,75.44114063,22.46979167,比對感測,Apr
2019/3/3,25.0898125,75.2731875,12.72447917,比對感測,Mar
2019/1/3,18.62700331,88.31844082,13.7314626,社區,Jan
2019/5/17,33.66921454,84.98773826,14.58848979,其他,May
2019/5/9,28.07107292,79.98327083,18.96197917,比對感測,May
2019/1/21,20.16049039,80.86677227,32.14979123,比對感測,Jan
2019/3/23,22.19229167,89.96696875,29.7796875,比對感測,Mar
2019/5/18,28.11984028,90.31403472,10.76666667,寺廟,May
2019/3/1,24.57748958,80.44957813,27.22395833,比對感測,Mar
2019/5/18,29.47215625,87.26318229,10.32239583,比對感測,May
2019/1/16,21.17358926,86.51807028,28.83420393,比對感測,Jan
2019/2/27,58.04577436,106.4266695,31.39912389,其他,Feb
2019/5/14,26.30797063,73.85408264,21.51192518,社區,May
2019/4/17,25.00788813,73.68994023,29.19813784,工業區,Apr
2019/2/19,24.45902611,79.96244411,22.84994717,工業區,Feb
2019/3/5,25.29392577,70.30808518,15.97317145,比對感測,Mar
2019/1/10,28.03024011,83.700574,27.86875735,其他,Jan
2019/4/25,28.98583038,70.41520788,15.44719897,交通區,Apr
2019/4/9,26.06509414,76.04848574,25.45128345,社區,Apr
2019/1/2,25.06449649,82.67026453,14.31574834,其他,Jan
2019/2/11,72.29379688,78.45387766,21.12548527,工業區,Feb
2019/2/4,23.47392483,84.5925695,24.78771221,工業區,Feb
2019/4/11,27.78427778,75.17738889,20.83263889,寺廟,Apr
2019/3/11,21.27948958,88.96975,19.9171875,比對感測,Mar
2019/1/28,19.63117017,75.87503935,26.95122048,工業區,Jan
2019/2/9,17.83231974,83.41426446,15.93106983,社區,Feb
2019/3/30,26.22893381,78.16664574,15.31455941,比對感測,Mar
2019/3/28,27.28628472,77.10197222,20.48333333,寺廟,Mar
2019/1/28,25.43156903,72.73681293,22.04577886,其他,Jan
2019/3/14,22.80181463,74.67426954,37.77166431,工業區,Mar
2019/1/7,23.83702779,80.24660422,29.07793773,比對感測,Jan
2019/3/2,23.51663493,79.39956578,44.85321842,工業區,Mar
2019/5/2,21.90792539,82.2899496,24.45819216,工業區,May
2019/5/16,26.47412896,76.81906827,15.00897444,社區,May
2019/3/12,20.58039314,69.19206105,27.8632963,社區,Mar
2019/3/23,19.34999415,82.95595524,24.57854626,交通區,Mar
2019/1/11,21.45026012,86.26405297,31.70307226,社區,Jan
2019/4/8,27.25922677,72.45265843,33.17098512,交通區,Apr
2019/1/13,21.98718288,81.19267655,24.32933772,工業區,Jan
2019/2/20,22.91678529,84.81718958,34.42756764,社區,Feb
2019/3/9,24.32374217,83.71435282,19.9723382,比對感測,Mar
2019/5/16,29.31371542,85.94411619,11.81012788,比對感測,May
2019/1/7,22.66650357,82.3434536,25.39296628,工業區,Jan
2019/4/21,24.05804082,85.00567667,16.30808739,社區,Apr
2019/1/26,15.54535101,71.71662709,24.30948165,社區,Jan
2019/2/16,19.94073706,84.75531944,20.64712983,社區,Feb
2019/1/15,19.85993525,85.30024471,26.86819887,社區,Jan
2019/5/6,28.13214329,85.59886313,15.7335803,其他,May
2019/4/22,28.21525724,78.93004609,16.58918493,交通區,Apr
2019/4/9,28.99533333,72.92690972,19.47708333,寺廟,Apr
2019/2/13,28.45776028,82.53912593,18.41284721,其他,Feb
2019/1/19,27.52012452,77.27980739,34.8687501,其他,Jan
2019/2/2,22.0715635,76.73286746,41.53342132,工業區,Feb
2019/2/13,23.37406279,76.421875,33.02115518,寺廟,Feb
2019/3/4,22.44275255,77.57276054,28.91291029,寺廟,Mar
2019/2/15,25.28346875,74.98039583,17.409375,比對感測,Feb
2019/3/16,19.65360206,67.42238702,22.85205104,社區,Mar
2019/5/23,27.2064763,84.37639704,19.4672995,比對感測,May
2019/2/13,23.0897061,77.14545353,26.81104531,交通區,Feb
2019/4/21,26.17134056,83.43628276,17.56183484,交通區,Apr
2019/3/17,22.83311968,73.25699912,28.36076078,工業區,Mar
2019/4/22,27.95508239,78.26618059,17.43838705,工業區,Apr
2019/1/3,22.80265691,80.20379616,26.76605943,比對感測,Jan
2019/1/21,24.29178568,82.60749502,25.37839366,其他,Jan
2019/1/29,18.87205754,75.41885086,22.95570357,社區,Jan
2019/2/10,23.52215912,78.39591216,15.19409758,其他,Feb
2019/4/7,24.47267067,75.70113373,36.93739232,社區,Apr
2019/3/25,29.55550937,89.65724328,22.01102785,其他,Mar
2019/3/17,23.20127659,72.96273218,31.21893078,交通區,Mar
2019/3/28,25.19379463,76.58216092,23.02261325,社區,Mar
2019/2/17,23.70768314,76.95170607,23.1120792,比對感測,Feb
2019/2/17,21.27975507,75.63320954,25.83580956,寺廟,Feb
2019/2/12,21.79178028,75.8778168,22.88225411,寺廟,Feb
2019/3/27,25.26259192,74.12163839,31.81912534,交通區,Mar
2019/5/5,24.7631421,75.0531107,23.1611706,工業區,May
2019/4/29,29.27671349,72.39735904,18.00150645,交通區,Apr
2019/4/8,34.7535366,76.61246055,37.04334682,其他,Apr
2019/4/5,26.35651357,78.59954071,27.42066806,比對感測,Apr
2019/3/17,30.08517055,76.15822179,23.33745272,其他,Mar
2019/5/1,20.50933815,83.09814296,10.50792646,社區,May
2019/5/2,27.56451934,81.44841361,25.23532647,其他,May
2019/2/8,21.83274564,74.82059722,28.1625,寺廟,Feb
2019/3/8,19.89262177,86.95096855,18.12176083,比對感測,Mar
2019/1/1,21.78294271,77.42309911,26.71041667,比對感測,Jan
2019/4/4,26.22881771,78.65208333,24.23541667,比對感測,Apr
2019/1/3,21.196017,81.29739222,23.37777622,交通區,Jan
2019/1/17,22.6899211,83.4680284,21.96937562,其他,Jan
2019/3/23,16.75786095,84.4435853,14.122597,社區,Mar
2019/4/18,35.52112896,76.61355726,26.30999569,其他,Apr
2019/5/2,18.88647023,80.88633223,21.79168466,社區,May
2019/1/27,17.46977975,67.77545139,20.59588118,寺廟,Jan
2019/1/14,23.16985505,80.84562955,27.11515069,比對感測,Jan
2019/4/18,27.32036111,75.19691667,29.77083333,寺廟,Apr
2019/1/31,22.87005657,66.00851033,27.34236488,寺廟,Jan
2019/1/18,19.72314596,71.5007119,32.76007587,交通區,Jan
2019/5/6,21.83384068,86.51366589,21.94486278,工業區,May
2019/2/20,32.64429213,82.91437912,27.19877346,其他,Feb
2019/3/30,24.06029063,76.53469719,16.93834197,工業區,Mar
2019/4/29,29.79045233,74.46022965,20.45163535,寺廟,Apr
2019/3/27,23.40817705,77.52655298,29.72594837,社區,Mar
2019/1/19,22.09235938,72.75743029,28.94279206,比對感測,Jan
2019/5/22,26.49053134,84.64445792,16.29021725,比對感測,May
2019/3/25,21.39397294,85.44213263,28.49889192,交通區,Mar
2019/3/13,23.68422949,74.59877853,35.72494201,寺廟,Mar
2019/2/15,23.47627778,76.93025694,36.77291667,寺廟,Feb
2019/5/2,24.40360647,87.72084029,15.3736952,比對感測,May
2019/5/5,31.82034465,72.50163142,15.60657496,其他,May
2019/1/17,17.11903472,84.95755225,25.98819444,寺廟,Jan
2019/2/26,18.40987876,79.08572825,19.91660106,社區,Feb
2019/3/29,23.46546152,79.94142983,19.90411569,社區,Mar
2019/5/14,30.09410955,78.13294707,15.23895354,比對感測,May
2019/5/1,25.28101042,92.74095833,12.79114583,比對感測,May
2019/3/30,24.56705154,76.24747913,17.63685979,交通區,Mar
2019/2/28,52.23711538,104.9502655,21.8706942,其他,Feb
2019/3/16,21.88930608,66.00645397,26.08214727,工業區,Mar
2019/1/11,25.90728709,77.18775925,31.56125283,比對感測,Jan
2019/2/8,21.26417796,74.67529737,23.65532378,交通區,Feb
2019/4/7,33.46853289,78.24372552,32.54055762,其他,Apr
2019/4/13,26.67283333,75.36088021,23.39166667,比對感測,Apr
2019/4/28,27.71814583,81.17489583,26.13055556,寺廟,Apr
2019/3/3,22.35294114,80.15888023,17.44418306,寺廟,Mar
2019/1/4,22.02811488,81.43677898,32.08008172,交通區,Jan
2019/3/8,14.97572211,92.04975797,18.32662099,社區,Mar
2019/2/1,18.95654028,71.87889429,26.55704462,交通區,Feb
2019/4/14,32.82393329,80.43106892,22.17214378,其他,Apr
2019/1/30,28.00567052,74.26927822,33.9699817,其他,Jan
2019/3/11,19.52969356,81.68829375,30.71776613,工業區,Mar
2019/1/22,14.43131408,78.93648399,26.01413065,社區,Jan
2019/4/24,27.26585618,75.37166322,16.78832741,社區,Apr
2019/3/19,26.49144008,76.27898791,33.17944176,比對感測,Mar
2019/5/12,29.17071628,78.97587915,26.56111111,寺廟,May
2019/2/6,22.78092565,76.82240521,31.80731276,交通區,Feb
2019/2/27,19.72419292,77.70498854,24.73802596,社區,Feb
2019/5/20,26.53564911,90.9912883,12.01296973,寺廟,May
2019/3/14,30.62160499,77.97758509,29.40464977,其他,Mar
2019/4/10,34.55651147,79.44958095,20.18320375,其他,Apr
2019/3/3,27.88371769,86.48262428,28.18618403,其他,Mar
2019/2/5,18.79809196,84.52541955,29.05911321,社區,Feb
2019/3/19,22.7976277,79.12586269,33.37848291,社區,Mar
2019/4/18,26.97931655,71.9628424,25.6821383,交通區,Apr
2019/5/1,24.31003258,85.71811995,12.65091792,交通區,May
2019/4/19,25.99131524,86.23441023,10.93006263,比對感測,Apr
2019/3/6,22.28452652,81.68061415,21.30846804,工業區,Mar
2019/4/6,22.8990455,76.7247738,28.3743056,社區,Apr
2019/4/30,30.26063194,73.28480556,13.80138889,寺廟,Apr
2019/4/27,25.13025168,78.04880457,19.62794758,社區,Apr
2019/2/7,25.11898438,69.90822917,16.82604167,比對感測,Feb
2019/3/2,31.22537624,83.54409333,41.88982722,其他,Mar
2019/1/17,15.15374363,86.57796384,21.31609489,社區,Jan
2019/1/29,26.43003383,70.76101783,22.18138395,其他,Jan
2019/4/3,23.40011135,78.01072583,29.2318967,工業區,Apr
2019/5/14,30.37197513,74.18944729,12.80560675,寺廟,May
2019/5/20,31.80739136,85.56308574,15.75730575,其他,May
2019/3/10,20.700105,85.86743881,15.24372122,工業區,Mar
2019/3/1,30.35196954,82.67283761,23.6026112,其他,Mar
2019/2/7,30.92707033,72.63680386,30.66959149,其他,Feb
2019/4/14,26.42095793,75.40367447,24.73968676,交通區,Apr
2019/4/13,24.43562434,77.65135354,28.45356204,工業區,Apr
2019/5/17,28.88783497,77.85216985,12.29923601,交通區,May
2019/2/3,24.53407506,79.13725956,34.16584421,工業區,Feb
2019/3/31,23.5373222,73.79901292,24.19737842,工業區,Mar
2019/4/24,28.54152825,75.24618955,16.18957141,工業區,Apr
2019/1/24,21.37594792,70.53535818,35.22206528,比對感測,Jan
2019/4/26,33.15717831,74.58286644,17.55940755,其他,Apr
2019/4/11,25.41932935,76.28730895,17.29868891,工業區,Apr
2019/4/30,28.49105844,73.59431073,16.77970086,工業區,Apr
2019/4/13,25.21325,80.47688889,36.67569444,寺廟,Apr
2019/3/22,25.61005678,76.56465028,21.66355184,寺廟,Mar
2019/2/24,17.20446809,90.96459574,25.95522388,交通區,Feb
2019/1/7,22.5354259,77.74505765,25.81706685,交通區,Jan
2019/1/27,18.30638956,70.45255201,19.80975619,工業區,Jan
2019/2/1,15.92837025,77.46739362,19.7000647,社區,Feb
2019/1/28,18.25085617,74.72181354,37.94324152,寺廟,Jan
2019/1/12,22.98419742,79.01261623,32.4004584,交通區,Jan
2019/1/24,17.63792902,74.4897121,33.44040646,社區,Jan
2019/3/15,22.68945845,79.40977227,30.93480431,比對感測,Mar
2019/5/10,30.5961006,82.57067704,16.34195031,其他,May
2019/2/2,20.39754167,74.5213125,44.01797292,寺廟,Feb
2019/1/16,18.07523312,90.35827418,28.16400538,寺廟,Jan
2019/3/23,19.2076875,85.48352083,23.20555556,寺廟,Mar
2019/5/19,29.65234722,83.46922917,10.45902778,寺廟,May
2019/4/15,20.52839379,76.08913354,21.7317939,社區,Apr
2019/4/28,32.72826542,80.03592297,18.43139701,其他,Apr
2019/1/9,22.35685546,75.70884698,21.6981948,交通區,Jan
2019/5/12,29.29378561,79.75182243,20.77125087,比對感測,May
2019/1/31,21.0604924,69.26883566,23.10560358,社區,Jan
2019/4/28,27.55832363,77.09902085,23.03343098,交通區,Apr
2019/2/1,18.90628472,71.26319444,24.75902778,寺廟,Feb
2019/3/10,20.5548929,86.98139161,16.12812502,交通區,Mar
2019/3/28,35.52030814,80.03997538,22.22953554,其他,Mar
2019/4/4,21.93926296,81.37230075,22.76916194,社區,Apr
2019/1/12,23.32457017,82.46344733,32.72364098,工業區,Jan
2019/1/20,18.70054533,83.81255354,42.20952639,社區,Jan
2019/2/8,18.34051043,81.49119134,17.57240552,社區,Feb
2019/3/27,26.46789063,78.01633854,19.5359375,比對感測,Mar
2019/2/19,24.39230732,82.32415545,32.58944096,寺廟,Feb
2019/2/21,23.83863661,79.69258874,27.44396044,交通區,Feb
2019/1/11,23.35684735,80.27595655,43.6951361,交通區,Jan
2019/1/27,16.14698273,69.86027101,13.14385443,社區,Jan
2019/2/7,22.88353238,74.09608129,25.90454617,社區,Feb
2019/3/13,23.2328964,70.55970114,34.92852772,工業區,Mar
2019/2/4,24.67315705,81.06962429,31.05691307,其他,Feb
2019/1/2,21.2937178,83.82241641,30.87537233,比對感測,Jan
2019/3/17,20.83656176,78.51319953,28.98134464,社區,Mar
2019/5/6,19.64166447,83.88930164,17.28357922,社區,May
2019/5/10,22.41937655,79.78489486,16.62637208,社區,May
2019/5/23,25.58695652,81.57110606,29.28758179,交通區,May
2019/2/4,22.1543481,80.75960303,28.43170292,交通區,Feb
2019/4/24,29.40858337,76.01019107,13.10669065,寺廟,Apr
2019/1/6,25.96786242,85.09909331,17.40769274,其他,Jan
2019/2/20,26.72412652,77.22769356,10.2323692,比對感測,Feb
2019/2/11,20.90834977,75.14983504,24.46728717,寺廟,Feb
2019/2/2,18.7392108,78.99359883,36.38169162,社區,Feb
2019/5/9,24.89674306,89.17460417,31.04861111,寺廟,May
2019/1/6,18.73078502,86.36933734,13.16366148,社區,Jan
2019/1/28,17.43613869,76.42548159,20.34491343,社區,Jan
2019/3/26,21.17760946,80.0935343,21.90998422,社區,Mar
2019/5/5,25.46927702,77.20653296,19.2493537,交通區,May
2019/4/20,26.45303595,77.63024266,18.60206896,工業區,Apr
2019/1/22,19.56252113,76.86395417,28.57013831,比對感測,Jan
2019/2/14,23.47709028,74.68304004,26.21642455,寺廟,Feb
2019/2/19,27.24295588,76.97109909,13.5186728,比對感測,Feb
2019/3/9,19.98398128,93.14414687,28.174946,寺廟,Mar
2019/3/4,24.13365035,76.44387609,15.08444568,比對感測,Mar
2019/3/2,23.42385446,78.16295411,43.97520535,交通區,Mar
2019/3/7,16.92539204,89.37621268,27.87783271,交通區,Mar
2019/1/1,20.02518495,76.31813972,17.80947196,交通區,Jan
2019/5/9,24.9619747,83.93742382,26.67766671,交通區,May
2019/3/1,22.69731944,78.22609028,36.38611111,寺廟,Mar
2019/1/25,18.32429511,76.80990642,57.09047267,寺廟,Jan
2019/5/3,23.11803957,76.38328765,21.54954011,工業區,May
2019/1/21,17.99774646,83.70680428,31.71834154,工業區,Jan
2019/2/4,23.87646875,85.6357699,10.81677214,比對感測,Feb
2019/4/26,29.33257639,72.38527083,16.74722222,寺廟,Apr
2019/4/10,27.23894444,75.38240683,17.69756305,工業區,Apr
2019/5/16,29.31777207,78.18689197,13.03388299,交通區,May
2019/3/15,20.28444157,71.79256254,24.41731021,交通區,Mar
2019/3/23,20.3663648,83.49230005,28.75084797,工業區,Mar
2019/3/26,22.97329743,77.17153177,27.3363904,工業區,Mar
2019/4/25,35.04831726,72.81914572,16.90896265,其他,Apr
2019/1/23,18.16609166,72.19084453,42.62722325,工業區,Jan
2019/2/24,15.69326551,84.87772899,17.4171227,工業區,Feb
2019/3/29,26.94349024,76.93277209,16.7351673,寺廟,Mar
2019/4/23,29.10756548,74.51668386,15.13088767,交通區,Apr
2019/5/22,31.38339194,71.27062406,21.39588885,其他,May
2019/2/14,20.4766309,84.85477676,20.80495768,社區,Feb
2019/5/8,23.44382812,89.36704951,26.76761209,寺廟,May
2019/2/3,25.27882292,77.77706771,14.89270833,比對感測,Feb
2019/4/13,24.89465519,77.73868678,30.85528803,交通區,Apr
2019/4/2,23.30074306,79.62868056,39.28888889,寺廟,Apr
2019/1/3,21.33925597,86.40931122,24.9129884,工業區,Jan
2019/1/14,27.39494884,74.47638677,20.81773691,其他,Jan
2019/2/13,23.19940118,79.6715238,24.11041577,工業區,Feb
2019/5/10,26.60425521,89.53455729,23.72604167,比對感測,May
2019/4/27,28.28317361,78.72402083,25.14930556,寺廟,Apr
2019/3/5,20.18158457,79.58836023,24.2766168,社區,Mar
2019/3/12,22.09724935,77.46495416,39.19110072,寺廟,Mar
2019/1/16,19.13297436,89.43103164,31.03029193,工業區,Jan
2019/4/19,24.74638285,81.72579533,22.72991193,工業區,Apr
2019/5/3,20.90740447,71.79031223,14.26032647,社區,May
2019/4/6,25.26085795,79.66028129,33.98804501,寺廟,Apr
2019/1/12,25.86854437,76.03252425,25.55531598,比對感測,Jan
2019/2/20,25.13202496,80.68467833,28.20507182,工業區,Feb
2019/5/9,29.25946905,87.90751259,16.45628914,其他,May
2019/1/18,19.98390294,74.52344313,32.95784149,工業區,Jan
2019/3/22,24.58107661,77.17096569,22.03374274,工業區,Mar
2019/4/1,20.46363817,77.6673107,22.50457035,交通區,Apr
2019/1/27,17.84677659,66.41814601,20.50000961,交通區,Jan
2019/2/21,26.20088852,75.01398608,6.735524087,比對感測,Feb
2019/4/16,22.08371188,86.04370444,30.38417781,工業區,Apr
2019/2/16,25.04977083,73.68873438,14.70527792,比對感測,Feb
2019/3/20,24.23829361,80.87184474,34.82332948,社區,Mar
2019/1/9,20.04149954,81.15165989,13.90000279,社區,Jan
2019/4/20,24.31222022,81.50005769,20.99490499,社區,Apr
2019/5/10,25.97257975,82.37700649,21.45967287,交通區,May
2019/3/3,19.34961747,88.78472469,25.09698678,社區,Mar
2019/4/14,23.30974675,78.82415385,19.88436717,社區,Apr
2019/2/9,134.5497331,78.25151329,19.33852296,工業區,Feb
2019/2/18,28.33276937,83.80583872,15.47177536,其他,Feb
2019/1/25,25.17499387,74.10356363,38.73667662,其他,Jan
2019/5/1,25.31945024,85.04360473,10.54349339,寺廟,May
2019/1/20,21.03307452,82.13387555,47.28112833,工業區,Jan
2019/5/5,25.54880293,81.38806333,19.62010844,寺廟,May
